"Average_Concentration","PM","Category"
173.44325698324,105.975343578005,"3. Hazardous"
5.40350555555556,46.5195688657407,"3. Hazardous"
1.690042553,0.86543047675,"1. WHO Annual Limit (< 5 µg/m³)"
1.362908333,0.4387403935,"1. WHO Annual Limit (< 5 µg/m³)"
0.148051948051948,0.377604710798461,"1. WHO Annual Limit (< 5 µg/m³)"
0.0783777777777778,1.21950069444444,"1. WHO Annual Limit (< 5 µg/m³)"
2.48459044368601,2.1142508749684,"1. WHO Annual Limit (< 5 µg/m³)"
0,17.6522497685185,"3. Hazardous"
4.43026829268293,1.99019532238031,"1. WHO Annual Limit (< 5 µg/m³)"
1.20031388888889,2.06259097222222,"1. WHO Annual Limit (< 5 µg/m³)"
7.12277922077922,6.28851475919913,"2. WHO Daily Limit (< 15 µg/m³)"
1.17311111111111,11.6506306712963,"2. WHO Daily Limit (< 15 µg/m³)"
15.6614,8.58097476851852,"2. WHO Daily Limit (< 15 µg/m³)"
9.010675,4.02010393518519,"1. WHO Annual Limit (< 5 µg/m³)"
3.13420481927711,0.740530293395805,"1. WHO Annual Limit (< 5 µg/m³)"
1.74533611111111,8.67067777777777,"2. WHO Daily Limit (< 15 µg/m³)"
2.36088516746411,5.9009284329036,"2. WHO Daily Limit (< 15 µg/m³)"
10.6713055555556,13.5668792824074,"2. WHO Daily Limit (< 15 µg/m³)"
0.144739534883721,2.172061832472,"1. WHO Annual Limit (< 5 µg/m³)"
9.36117777777778,1.56849583333333,"1. WHO Annual Limit (< 5 µg/m³)"
0.0339166666666667,4.1030755787037,"1. WHO Annual Limit (< 5 µg/m³)"
170.324447222222,11.7202969907407,"2. WHO Daily Limit (< 15 µg/m³)"
2.87109923664122,49.9822682552304,"3. Hazardous"
4.58940277777778,49.2324671296296,"3. Hazardous"
0.919490706319703,0.758740700726284,"1. WHO Annual Limit (< 5 µg/m³)"
0.600725,5.20406061507936,"2. WHO Daily Limit (< 15 µg/m³)"
1.55170422535211,4.3906350140193,"1. WHO Annual Limit (< 5 µg/m³)"
0.0384416666666667,3.85648460648149,"1. WHO Annual Limit (< 5 µg/m³)"
4.23351948051948,5.45327129779942,"2. WHO Daily Limit (< 15 µg/m³)"
5.4756,4.11332314814815,"1. WHO Annual Limit (< 5 µg/m³)"
1.17140708,5.97549300316667,"2. WHO Daily Limit (< 15 µg/m³)"
10.09470556,8.15020266229167,"2. WHO Daily Limit (< 15 µg/m³)"
105.892993174061,138.585323558178,"3. Hazardous"
75.0003805555556,156.139051851852,"3. Hazardous"
7.21001261829653,6.1955037665031,"2. WHO Daily Limit (< 15 µg/m³)"
8.37030833333333,8.17554548611111,"2. WHO Daily Limit (< 15 µg/m³)"
4.12070186335404,1.43734371189901,"1. WHO Annual Limit (< 5 µg/m³)"
1.17651944444444,3.16849768518518,"1. WHO Annual Limit (< 5 µg/m³)"
3.18287234042553,1.30709549103625,"1. WHO Annual Limit (< 5 µg/m³)"
1.08145,0.39512962962963,"1. WHO Annual Limit (< 5 µg/m³)"
15.3359653179191,14.9583217030614,"2. WHO Daily Limit (< 15 µg/m³)"
7.5016,10.0953878472222,"2. WHO Daily Limit (< 15 µg/m³)"
9.75883596214511,40.0190182808301,"3. Hazardous"
11.1600027777778,54.6849304398148,"3. Hazardous"
1.8370144092219,1.17283891056943,"1. WHO Annual Limit (< 5 µg/m³)"
8.12126111111111,3.57530821759259,"1. WHO Annual Limit (< 5 µg/m³)"
3.59527346938776,10.75776799178,"2. WHO Daily Limit (< 15 µg/m³)"
28.0102194444444,7.93622291666667,"2. WHO Daily Limit (< 15 µg/m³)"
6.96554716981132,7.19752858577917,"2. WHO Daily Limit (< 15 µg/m³)"
7.64610833333333,6.15298993055556,"2. WHO Daily Limit (< 15 µg/m³)"
16.9490958083832,14.0525782975715,"2. WHO Daily Limit (< 15 µg/m³)"
8.50831111111111,21.7974807870371,"3. Hazardous"
5.1015,5.1015,"2. WHO Daily Limit (< 15 µg/m³)"
8.81346885245902,28.0543889799635,"3. Hazardous"
10.8387388888889,6.00734814814815,"2. WHO Daily Limit (< 15 µg/m³)"
3.53160913705584,5.24072190848844,"2. WHO Daily Limit (< 15 µg/m³)"
3.43585,19.3395015046296,"3. Hazardous"
7.52648780487805,7.68001141316622,"2. WHO Daily Limit (< 15 µg/m³)"
6.46823055555556,7.20367569444444,"2. WHO Daily Limit (< 15 µg/m³)"
12.0047381615599,13.7167589974724,"2. WHO Daily Limit (< 15 µg/m³)"
10.9845638888889,9.32565439814815,"2. WHO Daily Limit (< 15 µg/m³)"
60.1251678321678,21.3923843078218,"3. Hazardous"
10.9076805555556,14.2631809027778,"2. WHO Daily Limit (< 15 µg/m³)"
4.24827272727273,10.3340777988215,"2. WHO Daily Limit (< 15 µg/m³)"
12.9043805555556,10.0089222222222,"2. WHO Daily Limit (< 15 µg/m³)"
1.44399221789883,2.66419967574578,"1. WHO Annual Limit (< 5 µg/m³)"
0.964272222222222,1.351278125,"1. WHO Annual Limit (< 5 µg/m³)"
12.0027391304348,11.0201206119163,"2. WHO Daily Limit (< 15 µg/m³)"
9.19599166666667,11.3180206018519,"2. WHO Daily Limit (< 15 µg/m³)"
4.73102928870293,5.82849508610336,"2. WHO Daily Limit (< 15 µg/m³)"
5.45535555555556,5.9148849537037,"2. WHO Daily Limit (< 15 µg/m³)"
3.38563876651982,2.93932244860499,"1. WHO Annual Limit (< 5 µg/m³)"
1.25666388888889,2.08374270833333,"1. WHO Annual Limit (< 5 µg/m³)"
9.13467256637168,8.08333172730253,"2. WHO Daily Limit (< 15 µg/m³)"
18.7889138888889,9.59859918981481,"2. WHO Daily Limit (< 15 µg/m³)"
16.9066336633663,18.3798163331958,"3. Hazardous"
10.9754416666667,18.2340746527778,"3. Hazardous"
5.90034285714286,10.2419337301587,"2. WHO Daily Limit (< 15 µg/m³)"
7.41089166666667,10.8976261574074,"2. WHO Daily Limit (< 15 µg/m³)"
9.08233105802048,9.39972050704715,"2. WHO Daily Limit (< 15 µg/m³)"
10.0916277777778,10.6691405092593,"2. WHO Daily Limit (< 15 µg/m³)"
3.75569458128079,4.40783495940522,"1. WHO Annual Limit (< 5 µg/m³)"
4.42428055555556,9.65944791666666,"2. WHO Daily Limit (< 15 µg/m³)"
7.76063568773234,7.52904801476663,"2. WHO Daily Limit (< 15 µg/m³)"
9.09515555555556,5.6648,"2. WHO Daily Limit (< 15 µg/m³)"
9.614410041841,13.2480632656323,"2. WHO Daily Limit (< 15 µg/m³)"
18.766375,14.2229584490741,"2. WHO Daily Limit (< 15 µg/m³)"
6.02585355648536,10.8333757268906,"2. WHO Daily Limit (< 15 µg/m³)"
15.1049166666667,25.7497628472222,"3. Hazardous"
7.31960839160839,8.06005150705776,"2. WHO Daily Limit (< 15 µg/m³)"
4.72111388888889,5.772775,"2. WHO Daily Limit (< 15 µg/m³)"
15.4249020172911,14.3704116581279,"2. WHO Daily Limit (< 15 µg/m³)"
11.2849277777778,17.5222944444444,"3. Hazardous"
6.27758947368421,5.84123972344054,"2. WHO Daily Limit (< 15 µg/m³)"
5.49421666666667,4.30173923611111,"1. WHO Annual Limit (< 5 µg/m³)"
19.3544,20.123784837963,"3. Hazardous"
17.8577694444444,18.7525887731481,"3. Hazardous"
115.268131474104,113.071728163273,"3. Hazardous"
5.90701111111111,105.689657638889,"3. Hazardous"
10.9538270893372,7.70011536483349,"2. WHO Daily Limit (< 15 µg/m³)"
6.73347222222222,24.1516560185185,"3. Hazardous"
744.130411371237,153.817059964542,"3. Hazardous"
750.196872222222,316.07821500426,"3. Hazardous"
26.9897428571429,15.3186639384921,"3. Hazardous"
20.4419388888889,9.00891331018519,"2. WHO Daily Limit (< 15 µg/m³)"
